[{"inputs": [], "stateMutability": "nonpayable", "type": "constructor"}, {"anonymous": false, "inputs": [{"indexed": true, "internalType": "address", "name": "doctorAddress", "type": "address"}], "name": "DoctorApproved", "type": "event"}, {"anonymous": false, "inputs": [{"indexed": true, "internalType": "address", "name": "doctorAddress", "type": "address"}, {"indexed": false, "internalType": "string", "name": "name", "type": "string"}], "name": "DoctorRegistered", "type": "event"}, {"anonymous": false, "inputs": [{"indexed": true, "internalType": "address", "name": "doctorAddress", "type": "address"}, {"indexed": false, "internalType": "string", "name": "reason", "type": "string"}], "name": "DoctorRejected", "type": "event"}, {"anonymous": false, "inputs": [{"indexed": true, "internalType": "address", "name": "patientAddress", "type": "address"}, {"indexed": false, "internalType": "string", "name": "name", "type": "string"}, {"indexed": true, "internalType": "address", "name": "doctorAddress", "type": "address"}], "name": "PatientRegistered", "type": "event"}, {"inputs": [], "name": "admin", "outputs": [{"internalType": "address", "name": "", "type": "address"}], "stateMutability": "view", "type": "function"}, {"inputs": [{"internalType": "address", "name": "_doctorAddress", "type": "address"}], "name": "approveDoctor", "outputs": [], "stateMutability": "nonpayable", "type": "function"}, {"inputs": [{"internalType": "uint256", "name": "", "type": "uint256"}], "name": "doctorAddresses", "outputs": [{"internalType": "address", "name": "", "type": "address"}], "stateMutability": "view", "type": "function"}, {"inputs": [{"internalType": "address", "name": "", "type": "address"}], "name": "doctors", "outputs": [{"internalType": "string", "name": "name", "type": "string"}, {"internalType": "string", "name": "specialization", "type": "string"}, {"internalType": "string", "name": "licenseNumber", "type": "string"}, {"internalType": "bool", "name": "isRegistered", "type": "bool"}, {"internalType": "bool", "name": "isApproved", "type": "bool"}, {"internalType": "uint256", "name": "patientCount", "type": "uint256"}, {"internalType": "string", "name": "email", "type": "string"}, {"internalType": "uint256", "name": "registrationDate", "type": "uint256"}], "stateMutability": "view", "type": "function"}, {"inputs": [], "name": "getAllDoctors", "outputs": [{"internalType": "address[]", "name": "", "type": "address[]"}], "stateMutability": "view", "type": "function"}, {"inputs": [{"internalType": "address", "name": "_doctorAddress", "type": "address"}], "name": "getDoctorDetails", "outputs": [{"internalType": "string", "name": "name", "type": "string"}, {"internalType": "string", "name": "specialization", "type": "string"}, {"internalType": "string", "name": "licenseNumber", "type": "string"}, {"internalType": "bool", "name": "isRegistered", "type": "bool"}, {"internalType": "bool", "name": "isApproved", "type": "bool"}, {"internalType": "uint256", "name": "patientCount", "type": "uint256"}, {"internalType": "string", "name": "email", "type": "string"}, {"internalType": "uint256", "name": "registrationDate", "type": "uint256"}], "stateMutability": "view", "type": "function"}, {"inputs": [{"internalType": "address", "name": "_doctorAddress", "type": "address"}], "name": "getDoctorPatients", "outputs": [{"internalType": "address[]", "name": "", "type": "address[]"}], "stateMutability": "view", "type": "function"}, {"inputs": [{"internalType": "address", "name": "_patientAddress", "type": "address"}], "name": "getPatientDetails", "outputs": [{"internalType": "string", "name": "name", "type": "string"}, {"internalType": "uint256", "name": "age", "type": "uint256"}, {"internalType": "string", "name": "medicalId", "type": "string"}, {"internalType": "address", "name": "doctorAddress", "type": "address"}, {"internalType": "uint256", "name": "registrationDate", "type": "uint256"}], "stateMutability": "view", "type": "function"}, {"inputs": [{"internalType": "address", "name": "", "type": "address"}], "name": "patients", "outputs": [{"internalType": "string", "name": "name", "type": "string"}, {"internalType": "uint256", "name": "age", "type": "uint256"}, {"internalType": "bool", "name": "exists", "type": "bool"}, {"internalType": "string", "name": "medicalId", "type": "string"}, {"internalType": "address", "name": "doctorAddress", "type": "address"}, {"internalType": "uint256", "name": "registrationDate", "type": "uint256"}], "stateMutability": "view", "type": "function"}, {"inputs": [{"internalType": "address", "name": "_doctorAddress", "type": "address"}, {"internalType": "string", "name": "_name", "type": "string"}, {"internalType": "string", "name": "_specialization", "type": "string"}, {"internalType": "string", "name": "_licenseNumber", "type": "string"}, {"internalType": "string", "name": "_email", "type": "string"}], "name": "registerDoctor", "outputs": [], "stateMutability": "nonpayable", "type": "function"}, {"inputs": [{"internalType": "address", "name": "_patientAddress", "type": "address"}, {"internalType": "string", "name": "_name", "type": "string"}, {"internalType": "uint256", "name": "_age", "type": "uint256"}, {"internalType": "string", "name": "_medicalId", "type": "string"}], "name": "registerPatient", "outputs": [], "stateMutability": "nonpayable", "type": "function"}, {"inputs": [{"internalType": "string", "name": "", "type": "string"}], "name": "usedEmails", "outputs": [{"internalType": "bool", "name": "", "type": "bool"}], "stateMutability": "view", "type": "function"}, {"inputs": [{"internalType": "string", "name": "", "type": "string"}], "name": "usedLicenseNumbers", "outputs": [{"internalType": "bool", "name": "", "type": "bool"}], "stateMutability": "view", "type": "function"}]